{"cameraMode":{"drawMode":0,"name":"Shaded","section":"Shading Mode"},"sceneLighting":false,"audioPlay":false,"sceneViewState":{"showFog":true,"showMaterialUpdate":false,"showSkybox":false,"showFlares":true,"showImageEffects":true,"showParticleSystems":true,"showVisualEffectGraphs":true,"m_FxEnabled":true},"in2DMode":false,"pivot":{"x":-32.402591705322269,"y":3.7199997901916506,"z":-42.168792724609378},"rotation":{"x":0.43471676111221316,"y":-0.0942649245262146,"z":0.045813433825969699,"w":0.8944516777992249},"size":4.857986927032471,"orthographic":false}