{"cameraMode":{"drawMode":0,"name":"Shaded","section":"Shading Mode"},"sceneLighting":true,"audioPlay":false,"sceneViewState":{"showFog":true,"showMaterialUpdate":false,"showSkybox":true,"showFlares":true,"showImageEffects":true,"showParticleSystems":true},"in2DMode":false,"pivot":{"x":6.671693325042725,"y":-1.390625,"z":3.885375738143921},"rotation":{"x":0.2580149471759796,"y":0.32845669984817507,"z":-0.09377516806125641,"w":0.9037426114082336},"size":10.394330978393555,"orthographic":true}