{"cameraMode":{"drawMode":0,"name":"Shaded","section":"Shading Mode"},"sceneLighting":true,"audioPlay":false,"sceneViewState":{"showFog":true,"showMaterialUpdate":false,"showSkybox":true,"showFlares":true,"showImageEffects":true,"showParticleSystems":true},"in2DMode":false,"pivot":{"x":-9.764941215515137,"y":9.507063865661621,"z":6.568453788757324},"rotation":{"x":0.3068569004535675,"y":0.3527444005012512,"z":-0.12368214875459671,"w":0.8752787709236145},"size":22.966726303100587,"orthographic":true}