{"cameraMode":{"drawMode":0,"name":"Shaded","section":"Shading Mode"},"sceneLighting":true,"audioPlay":false,"sceneViewState":{"showFog":true,"showMaterialUpdate":false,"showSkybox":true,"showFlares":true,"showImageEffects":true,"showParticleSystems":true},"in2DMode":false,"pivot":{"x":-1.4889754056930543,"y":-0.839438259601593,"z":-0.1589033007621765},"rotation":{"x":-0.11955477297306061,"y":0.7905793190002441,"z":-0.16356220841407777,"w":-0.5778740048408508},"size":3.833451986312866,"orthographic":false}