{"cameraMode":{"drawMode":0,"name":"Shaded","section":"Shading Mode"},"sceneLighting":true,"audioPlay":false,"sceneViewState":{"showFog":true,"showMaterialUpdate":false,"showSkybox":true,"showFlares":true,"showImageEffects":true,"showParticleSystems":true,"showVisualEffectGraphs":true,"m_FxEnabled":true},"in2DMode":false,"pivot":{"x":-11.469894409179688,"y":14.392505645751954,"z":19.946474075317384},"rotation":{"x":0.4146249294281006,"y":0.22144846618175507,"z":-0.10476774722337723,"w":0.8763965368270874},"size":31.74958610534668,"orthographic":false}