{"cameraMode":{"drawMode":0,"name":"Shaded","section":"Shading Mode"},"sceneLighting":true,"audioPlay":false,"sceneViewState":{"showFog":true,"showMaterialUpdate":false,"showSkybox":true,"showFlares":true,"showImageEffects":true,"showParticleSystems":true,"showVisualEffectGraphs":true,"m_FxEnabled":true},"in2DMode":false,"pivot":{"x":42.463016510009769,"y":-1.5344295501708985,"z":13.275181770324707},"rotation":{"x":0.43471676111221316,"y":-0.0942649245262146,"z":0.045813433825969699,"w":0.8944516777992249},"size":25.04444122314453,"orthographic":false}